{
  "timestamp": "2026-03-29T15:23:49.380766",
  "report": {
    "retrieval": {
      "precision_at_k": 0.6799999999999999,
      "recall_at_k": 0.8833333333333333,
      "mrr": 0.8055555555555556,
      "ndcg": 0.8129249904173076,
      "redundancy_rate": 0.07333333333333333,
      "context_relevance": 0.2206084656084656,
      "by_type": {
        "factual": {
          "precision_at_k": 0.7166666666666667,
          "recall_at_k": 0.9166666666666666,
          "mrr": 0.875,
          "ndcg": 0.8794763970383973
        },
        "multi_hop": {
          "precision_at_k": 0.775,
          "recall_at_k": 0.875,
          "mrr": 0.875,
          "ndcg": 0.8499787868233288
        },
        "negative": {
          "precision_at_k": 0.6333333333333334,
          "recall_at_k": 0.9166666666666666,
          "mrr": 0.7777777777777778,
          "ndcg": 0.7998055740289759
        },
        "colloquial": {
          "precision_at_k": 0.45,
          "recall_at_k": 0.75,
          "mrr": 0.5,
          "ndcg": 0.5588423023244933
        }
      }
    },
    "generation": {
      "faithfulness": 0.836206896551724,
      "answer_relevancy": 0.6083501839052,
      "answer_correctness": 0.6767961587747877,
      "by_type": {
        "factual": {
          "faithfulness": 0.861111111111111,
          "answer_relevancy": 0.6875399663328275,
          "answer_correctness": 0.730502363953438
        },
        "multi_hop": {
          "faithfulness": 0.8333333333333333,
          "answer_relevancy": 0.6485277878010094,
          "answer_correctness": 0.664936390517608
        },
        "negative": {
          "faithfulness": 1.0,
          "answer_relevancy": 0.6446693467452842,
          "answer_correctness": 0.7990360795240193
        },
        "colloquial": {
          "faithfulness": 0.625,
          "answer_relevancy": 0.23239586218994882,
          "answer_correctness": 0.4358777361363371
        }
      }
    },
    "total_samples": 30,
    "failed_samples": [
      {
        "sample_id": "f011",
        "question": "负面清单中关于已停售产品有什么规定？",
        "question_type": "factual",
        "difficulty": "easy",
        "evidence_docs": [
          "02_负面清单.md"
        ],
        "failure_reason": "结果不相关",
        "recall": 0.0,
        "precision": 0.0,
        "first_relevant_rank": null
      },
      {
        "sample_id": "m006",
        "question": "保险公司如何同时遵守负面清单和条款费率管理办法？",
        "question_type": "multi_hop",
        "difficulty": "hard",
        "evidence_docs": [
          "02_负面清单.md",
          "03_条款费率管理办法.md"
        ],
        "failure_reason": "结果不相关",
        "recall": 0.0,
        "precision": 0.0,
        "first_relevant_rank": null
      },
      {
        "sample_id": "c001",
        "question": "孩子在学校摔了能报不？",
        "question_type": "colloquial",
        "difficulty": "medium",
        "evidence_docs": [
          "09_意外伤害保险.md"
        ],
        "failure_reason": "结果不相关",
        "recall": 0.0,
        "precision": 0.0,
        "first_relevant_rank": null
      }
    ]
  }
}